Survey Year,UNITID,OPE ID,Institution Name,State CD,Classification Name,Classification Other,Sanction Code,Sanction Name,Male Undergraduates,Female Undergraduates,Total Undergraduates,Type of Varsity Sports Teams,Archery Male HD Coach FT Coaching Duties,Archery Male HD Coach PT Coaching Duties,Archery Female HD Coach FT Coaching Duties,Archery Female HD Coach PT Coaching Duties,Archery Total,Badminton Male HD Coach FT Coaching Duties,Badminton Male HD Coach PT Coaching Duties,Badminton Female HD Coach FT Coaching Duties,Badminton Female HD Coach PT Coaching Duties,Badminton Total,Baseball Male HD Coach FT Coaching Duties,Baseball Male HD Coach PT Coaching Duties,Baseball Female HD Coach FT Coaching Duties,Baseball Female HD Coach PT Coaching Duties,Baseball Total,Basketball Male HD Coach FT Coaching Duties,Basketball Male HD Coach PT Coaching Duties,Basketball Female HD Coach FT Coaching Duties,Basketball Female HD Coach PT Coaching Duties,Basketball Total,Beach Volleyball Male HD Coach FT Coaching Duties,Beach Volleyball Male HD Coach PT Coaching Duties,Beach Volleyball Female HD Coach FT Coaching Duties,Beach Volleyball Female HD Coach PT Coaching Duties,Beach Volleyball Total,Bowling Male HD Coach FT Coaching Duties,Bowling Male HD Coach PT Coaching Duties,Bowling Female HD Coach FT Coaching Duties,Bowling Female HD Coach PT Coaching Duties,Bowling Total,All Track Combined Male HD Coach FT Coaching Duties,All Track Combined Male HD Coach PT Coaching Duties,All Track Combined Female HD Coach FT Coaching Duties,All Track Combined Female HD Coach PT Coaching Duties,All Track Combined Total,Diving Male HD Coach FT Coaching Duties,Diving Male HD Coach PT Coaching Duties,Diving Female HD Coach FT Coaching Duties,Diving Female HD Coach PT Coaching Duties,Diving Total,Equestrian Male HD Coach FT Coaching Duties,Equestrian Male HD Coach PT Coaching Duties,Equestrian Female HD Coach FT Coaching Duties,Equestrian Female HD Coach PT Coaching Duties,Equestrian Total,Fencing Male HD Coach FT Coaching Duties,Fencing Male HD Coach PT Coaching Duties,Fencing Female HD Coach FT Coaching Duties,Fencing Female HD Coach PT Coaching Duties,Fencing Total,Field Hockey Male HD Coach FT Coaching Duties,Field Hockey Male HD Coach PT Coaching Duties,Field Hockey Female HD Coach FT Coaching Duties,Field Hockey Female HD Coach PT Coaching Duties,Field Hockey Total,Football Male HD Coach FT Coaching Duties,Football Male HD Coach PT Coaching Duties,Football Female HD Coach FT Coaching Duties,Football Female HD Coach PT Coaching Duties,Football Total,Golf Male HD Coach FT Coaching Duties,Golf Male HD Coach PT Coaching Duties,Golf Female HD Coach FT Coaching Duties,Golf Female HD Coach PT Coaching Duties,Golf Total,Gymnastics Male HD Coach FT Coaching Duties,Gymnastics Male HD Coach PT Coaching Duties,Gymnastics Female HD Coach FT Coaching Duties,Gymnastics Female HD Coach PT Coaching Duties,Gymnastics Total,Ice Hockey Male HD Coach FT Coaching Duties,Ice Hockey Male HD Coach PT Coaching Duties,Ice Hockey Female HD Coach FT Coaching Duties,Ice Hockey Female HD Coach PT Coaching Duties,Ice Hockey Total,Lacrosse Male HD Coach FT Coaching Duties,Lacrosse Male HD Coach PT Coaching Duties,Lacrosse Female HD Coach FT Coaching Duties,Lacrosse Female HD Coach PT Coaching Duties,Lacrosse Total,Rifle Male HD Coach FT Coaching Duties,Rifle Male HD Coach PT Coaching Duties,Rifle Female HD Coach FT Coaching Duties,Rifle Female HD Coach PT Coaching Duties,Rifle Total,Rodeo Male HD Coach FT Coaching Duties,Rodeo Male HD Coach PT Coaching Duties,Rodeo Female HD Coach FT Coaching Duties,Rodeo Female HD Coach PT Coaching Duties,Rodeo Total,Rowing Male HD Coach FT Coaching Duties,Rowing Male HD Coach PT Coaching Duties,Rowing Female HD Coach FT Coaching Duties,Rowing Female HD Coach PT Coaching Duties,Rowing Total,Sailing Male HD Coach FT Coaching Duties,Sailing Male HD Coach PT Coaching Duties,Sailing Female HD Coach FT Coaching Duties,Sailing Female HD Coach PT Coaching Duties,Sailing Total,Skiing Male HD Coach FT Coaching Duties,Skiing Male HD Coach PT Coaching Duties,Skiing Female HD Coach FT Coaching Duties,Skiing Female HD Coach PT Coaching Duties,Skiing Total,Soccer Male HD Coach FT Coaching Duties,Soccer Male HD Coach PT Coaching Duties,Soccer Female HD Coach FT Coaching Duties,Soccer Female HD Coach PT Coaching Duties,Soccer Total,Softball Male HD Coach FT Coaching Duties,Softball Male HD Coach PT Coaching Duties,Softball Female HD Coach FT Coaching Duties,Softball Female HD Coach PT Coaching Duties,Softball Total,Squash Male HD Coach FT Coaching Duties,Squash Male HD Coach PT Coaching Duties,Squash Female HD Coach FT Coaching Duties,Squash Female HD Coach PT Coaching Duties,Squash Total,Swimming and Diving Male HD Coach FT Coaching Duties,Swimming and Diving Male HD Coach PT Coaching Duties,Swimming and Diving Female HD Coach FT Coaching Duties,Swimming and Diving Female HD Coach PT Coaching Duties,Swimming and Diving Total,Swimming Male HD Coach FT Coaching Duties,Swimming Male HD Coach PT Coaching Duties,Swimming Female HD Coach FT Coaching Duties,Swimming Female HD Coach PT Coaching Duties,Swimming Total,Synchronized Swimming Male HD Coach FT Coaching Duties,Synchronized Swimming Male HD Coach PT Coaching Duties,Synchronized Swimming Female HD Coach FT Coaching Duties,Synchronized Swimming Female HD Coach PT Coaching Duties,Synchronized Swimming Total,Table Tennis Male HD Coach FT Coaching Duties,Table Tennis Male HD Coach PT Coaching Duties,Table Tennis Female HD Coach FT Coaching Duties,Table Tennis Female HD Coach PT Coaching Duties,Table Tennis Total,Team Handball Male HD Coach FT Coaching Duties,Team Handball Male HD Coach PT Coaching Duties,Team Handball Female HD Coach FT Coaching Duties,Team Handball Female HD Coach PT Coaching Duties,Team Handball Total,Tennis Male HD Coach FT Coaching Duties,Tennis Male HD Coach PT Coaching Duties,Tennis Female HD Coach FT Coaching Duties,Tennis Female HD Coach PT Coaching Duties,Tennis Total,Track and Field Indoor Male HD Coach FT Coaching Duties,Track and Field Indoor Male HD Coach PT Coaching Duties,Track and Field Indoor Female HD Coach FT Coaching Duties,Track and Field Indoor Female HD Coach PT Coaching Duties,Track and Field Indoor Total,Track and Field Outdoor Male HD Coach FT Coaching Duties,Track and Field Outdoor Male HD Coach PT Coaching Duties,Track and Field Outdoor Female HD Coach FT Coaching Duties,Track and Field Outdoor Female HD Coach PT Coaching Duties,Track and Field Outdoor Total,Track and Field X Country Male HD Coach FT Coaching Duties,Track and Field X Country Male HD Coach PT Coaching Duties,Track and Field X Country Female HD Coach FT Coaching Duties,Track and Field X Country Female HD Coach PT Coaching Duties,Track and Field X Country Total,Volleyball Male HD Coach FT Coaching Duties,Volleyball Male HD Coach PT Coaching Duties,Volleyball Female HD Coach FT Coaching Duties,Volleyball Female HD Coach PT Coaching Duties,Volleyball Total,Water Polo Male HD Coach FT Coaching Duties,Water Polo Male HD Coach PT Coaching Duties,Water Polo Female HD Coach FT Coaching Duties,Water Polo Female HD Coach PT Coaching Duties,Water Polo Total,Weight Lifting Male HD Coach FT Coaching Duties,Weight Lifting Male HD Coach PT Coaching Duties,Weight Lifting Female HD Coach FT Coaching Duties,Weight Lifting Female HD Coach PT Coaching Duties,Weight Lifting Total,Wrestling Male HD Coach FT Coaching Duties,Wrestling Male HD Coach PT Coaching Duties,Wrestling Female HD Coach FT Coaching Duties,Wrestling Female HD Coach PT Coaching Duties,Wrestling Total,Other Sports Male HD Coach FT Coaching Duties,Other Sports Male HD Coach PT Coaching Duties,Other Sports Female HD Coach FT Coaching Duties,Other Sports Female HD Coach PT Coaching Duties,Other Sports Total,Total Male HD Coach FT Coaching Duties,Total Male HD Coach PT Coaching Duties,Total Female HD Coach FT Coaching Duties,Total Female HD Coach PT Coaching Duties,Total HD Coaches
2003,198419,00292000,Duke University,NC,NCAA Division I-A,,1,NCAA,3163,3006,6169,Women's Team,,,,,,,,,,,,,,,,,,1,,1,,,,,,,,,,,,,,,,,,,,,,,,,,,1,,,1,,,1,,1,,,,,,1,,,,1,,,,,,,,,,,,,1,,1,,,,,,,,,,,,,1,,1,,,,,,,,,,,1,,,,1,,,,,,,,,,,,1,,,1,,,,,,,,,,,,,,,,,,,,,1,,,,1,,,,,,,,,,,1,,,,1,,,1,,1,,,,,,,,,,,,,,,,,,,,,4,2,5,0,11
2003,199120,00297400,University of North Carolina at Chapel Hill,NC,NCAA Division I-A,,1,NCAA,6285,9070,15355,Women's Team,,,,,,,,,,,,,,,,,,1,,1,,,,,,,,,,,,1,,,1,,,,,,,,,,,,1,,,1,,,1,,1,,,,,,,,1,,1,1,,,,1,,,,,,,,1,,1,,,,,,,,,,,,,1,,1,,,,,,,,,,,1,,,,1,,,1,,1,,,,,,,1,,,1,,,,,,,,,,,,,,,,,,,,,1,,,,1,,,,,,,,,,,,,,,,1,,,,1,,,,,,,,,,,,,,,,,,,,,4,3,6,0,13
2004,198419,00292000,Duke University,NC,NCAA Division I-A,,1,NCAA,3202,3050,6252,Women's Team,,,,,,,,,,,,,,,,,,1,,1,,,,,,,,,,,,,,,,,,,,,,,,,,,1,,,1,,,1,,1,,,,,,1,,,,1,,,,,,,,,,,,,1,,1,,,,,,,,,,,,,1,,1,,,,,,,,,,,1,,,,1,,,,,,,,,,,1,,,,1,,,,,,,,,,,,,,,,,,,,,1,,,,1,,,,,,,,,,,1,,,,1,,,1,,1,,,,,,,,,,,,,,,,,,,,,5,1,5,0,11
2004,199120,00297400,University of North Carolina at Chapel Hill,NC,NCAA Division I-A,,1,NCAA,6560,9138,15698,Women's Team,,,,,,,,,,,,,,,,,,1,,1,,,,,,,,,,,,1,,,1,,,,,,,,,,,,1,,,1,,,1,,1,,,,,,,,1,,1,1,,,,1,,,,,,,,1,,1,,,,,,,,,,,,,1,,1,,,,,,,,,,,1,,,,1,,,1,,1,,,,,,,1,,,1,,,,,,,,,,,,,,,,,,,,,1,,,,1,,,,,,,,,,,,,,,,1,,,,1,,,,,,,,,,,,,,,,,,,,,4,3,6,0,13
2005,198419,00292000,Duke University,NC,NCAA Division I-A,,1,NCAA,3357,3113,6470,Women's Team,,,,,,,,,,,,,,,,,,1,,1,,,,,,,,,,,1,,,,1,,,,,,,,,,,,1,,,1,,,1,,1,,,,,,1,,,,1,,,,,,,,,,,,,1,,1,,,,,,,,,,,,,1,,1,,,,,,,,,,,1,,,,1,,,,,,,,,,,,1,,,1,,,,,,,,,,,,,,,,,,,,,1,,,,1,,,,,,,,,,,,,,,,,,1,,1,,,,,,,,,,,,,,,,,,,,,4,2,5,0,11
2005,199120,00297400,University of North Carolina at Chapel Hill,NC,NCAA Division I-A,,1,NCAA,6589,9322,15911,Women's Team,,,,,,,,,,,,,,,,,,1,,1,,,,,,,,,,,,1,,,1,,,,,,,,,,,,1,,,1,,,1,,1,,,,,,,,1,,1,1,,,,1,,,,,,,,1,,1,,,,,,,,,,,,,1,,1,,,,,,,,,,,1,,,,1,,,1,,1,,,,,,,1,,,1,,,,,,,,,,,,,,,,,,,,,1,,,,1,,,,,,,,,,,,,,,,1,,,,1,,,,,,,,,,,,,,,,,,,,,4,3,6,0,13
2006,198419,00292000,Duke University,NC,NCAA Division I-A,,1,NCAA,3267,2977,6244,Women's Team,,,,,,,,,,,,,,,,,,1,,1,,,,,,,,,,,1,,,,1,,,,,,,,,,,,1,,,1,,,1,,1,,,,,,1,,,,1,,,,,,,,,,,,,1,,1,,,,,,,,,,,,,1,,1,,,,,,,,,,,1,,,,1,,,,,,,,,,,,1,,,1,,,,,,,,,,,,,,,,,,,,,1,,,,1,,,,,,,,,,,,,,,,,,1,,1,,,,,,,,,,,,,,,,,,,,,4,2,5,0,11
2006,199120,00297400,University of North Carolina at Chapel Hill,NC,NCAA Division I-A,,1,NCAA,6940,9900,16840,Women's Team,,,,,,,,,,,,,,,,,,1,,1,,,,,,,,,,,,1,,,1,,,,,,,,,,,,1,,,1,,,1,,1,,,,,,,,1,,1,1,,,,1,,,,,,,,1,,1,,,,,,,,,,,,,1,,1,,,,,,,,,,,1,,,,1,,,1,,1,,,,,,,1,,,1,,,,,,,,,,,,,,,,,,,,,1,,,,1,,,,,,,,,,,,,,,,1,,,,1,,,,,,,,,,,,,,,,,,,,,4,3,6,0,13
2007,198419,00292000,Duke University,NC,NCAA Division I-A,,1,NCAA,3219,3028,6247,Women's Team,,,,,,,,,,,,,,,,,,1,,1,,,,,,,,,,,1,,,,1,,,,,,,,,,,,1,,,1,,,1,,1,,,,,,1,,,,1,,,,,,,,,,,,,1,,1,,,,,,,,,,,,,1,,1,,,,,,,,,,,1,,,,1,,,,,,,,,,,,1,,,1,,,,,,,,,,,,,,,,,,,,,1,,,,1,,,,,,,,,,,,,,,,,,1,,1,,,,,,,,,,,,,,,,,,,,,4,2,5,0,11
2007,199120,00297400,University of North Carolina at Chapel Hill,NC,NCAA Division I-A,,1,NCAA,7554,10634,18188,Women's Team,,,,,,,,,,,,,,,,,,1,,1,,,,,,,,,,,,1,,,1,,,,,,,,,,,,1,,,1,,,1,,1,,,,,,,,1,,1,1,,,,1,,,,,,,,1,,1,,,,,,,,,,,,,1,,1,,,,,,,,,,,1,,,,1,,,1,,1,,,,,,,1,,,1,,,,,,,,,,,,,,,,,,,,,1,,,,1,,,,,,,,,,,,,,,,1,,,,1,,,,,,,,,,,,,,,,,,,,,4,3,6,0,13
2008,198419,00292000,Duke University,NC,NCAA Division I-A,,1,NCAA,3255,3085,6340,Women's Team,,,,,,,,,,,,,,,,,,1,,1,,,,,,,,,,,1,,,,1,,,,,,,,,,,,1,,,1,,,1,,1,,,,,,1,,,,1,,,,,,,,,,,,,1,,1,,,,,,,,,,,,,1,,1,,,,,,,,,,,1,,,,1,,,,,,,,,,,,1,,,1,,,,,,,,,,,,,,,,,,,,,1,,,,1,,,,,,,,,,,,,,,,,,1,,1,,,,,,,,,,,,,,,,,,,,,4,2,5,0,11
2008,199120,00297400,University of North Carolina at Chapel Hill,NC,NCAA Division I-A,,1,NCAA,7027,10016,17043,Women's Team,,,,,,,,,,,,,,,,,,1,,1,,,,,,,,,,,,1,,,1,,,,,,,,,,,,1,,,1,,,1,,1,,,,,,,,1,,1,1,,,,1,,,,,,,,1,,1,,,,,,,,,,,,,1,,1,,,,,,,,,,,1,,,,1,,,1,,1,,,,,,,1,,,1,,,,,,,,,,,,,,,,,,,,,1,,,,1,,,,,,,,,,,,,,,,1,,,,1,,,,,,,,,,,,,,,,,,,,,4,3,6,0,13
2009,198419,00292000,Duke University,NC,NCAA Division I-A,,1,NCAA,3287,3113,6400,Women's Team,,,,,,,,,,,,,,,,,,1,,1,,,,,,,,,,,1,,,,1,,,,,,,,,,,,1,,,1,,,1,,1,,,,,,1,,,,1,,,,,,,,,,,,,1,,1,,,,,,,,,,,,,1,,1,,,,,,,,,,,1,,,,1,,,,,,,,,,,,1,,,1,,,,,,,,,,,,,,,,,,,,,1,,,,1,,,,,,,,,,,,,,,,,,1,,1,,,,,,,,,,,,,,,,,,,,,4,2,5,0,11
2009,199120,00297400,University of North Carolina at Chapel Hill,NC,NCAA Division I-A,,1,NCAA,7077,10190,17267,Women's Team,,,,,,,,,,,,,,,,,,1,,1,,,,,,,,,,,,1,,,1,,,,,,,,,,,,1,,,1,,,1,,1,,,,,,,,1,,1,1,,,,1,,,,,,,,1,,1,,,,,,,,,,,,,1,,1,,,,,,,,,,,1,,,,1,,,1,,1,,,,,,,1,,,1,,,,,,,,,,,,,,,,,,,,,1,,,,1,,,,,,,,,,,,,,,,1,,,,1,,,,,,,,,,,,,,,,,,,,,4,3,6,0,13
2010,198419,00292000,Duke University,NC,NCAA Division I-A,,1,NCAA,3335,3203,6538,Women's Team,,,,,,,,,,,,,,,,,,1,,1,,,,,,,,,,,1,,,,1,,,,,,,,,,,,1,,,1,,,1,,1,,,,,,1,,,,1,,,,,,,,,,,,,1,,1,,,,,,,,,,,,,1,,1,,,,,,,,,,,1,,,,1,,,,,,,,,,,,1,,,1,,,,,,,,,,,,,,,,,,,,,1,,,,1,,,,,,,,,,,,,,,,,,1,,1,,,,,,,,,,,,,,,,,,,,,4,2,5,0,11
2010,199120,00297400,University of North Carolina at Chapel Hill,NC,NCAA Division I-A,,1,NCAA,7126,10331,17457,Women's Team,,,,,,,,,,,,,,,,,,1,,1,,,,,,,,,,,,1,,,1,,,,,,,,,,,,1,,,1,,,1,,1,,,,,,,,1,,1,1,,,,1,,,,,,,,1,,1,,,,,,,,,,,,,1,,1,,,,,,,,,,,1,,,,1,,,1,,1,,,,,,,1,,,1,,,,,,,,,,,,,,,,,,,,,1,,,,1,,,,,,,,,,,,,,,,1,,,,1,,,,,,,,,,,,,,,,,,,,,4,3,6,0,13
2011,198419,00292000,Duke University,NC,NCAA Division I-A,,1,NCAA,3270,3256,6526,Women's Team,,,,,,,,,,,,,,,,,,1,,1,,,,,,,,,,,1,,,,1,,,,,,,,,,,,1,,,1,,,1,,1,,,,,,1,,,,1,,,,,,,,,,,,,1,,1,,,,,,,,,,,,,1,,1,,,,,,,,,,,1,,,,1,,,,,,,,,,,,1,,,1,,,,,,,,,,,,,,,,,,,,,1,,,,1,,,,,,,,,,,,,,,,,,1,,1,,,,,,,,,,,,,,,,,,,,,4,2,5,0,11
2011,199120,00297400,University of North Carolina at Chapel Hill,NC,NCAA Division I-A,,1,NCAA,7212,10174,17386,Women's Team,,,,,,,,,,,,,,,,,,1,,1,,,,,,,,,,,,1,,,1,,,,,,,,,,,,1,,,1,,,1,,1,,,,,,,,1,,1,1,,,,1,,,,,,,,1,,1,,,,,,,,,,,,,1,,1,,,,,,,,,,,1,,,,1,,,1,,1,,,,,,,1,,,1,,,,,,,,,,,,,,,,,,,,,1,,,,1,,,,,,,,,,,,,,,,1,,,,1,,,,,,,,,,,,,,,,,,,,,4,3,6,0,13
2012,198419,00292000,Duke University,NC,NCAA Division I-A,,1,NCAA,3246,3238,6484,Women's Team,,,,,,,,,,,,,,,,,,1,,1,,,,,,,,,,,,1,,,1,,,,,,,,,,,,1,,,1,,,1,,1,,,,,,1,,,,1,,,,,,,,,,,,,1,,1,,,,,,,,,,,,,1,,1,,,,,,,,,,,1,,,,1,,,,,,,,,,,,1,,,1,,,,,,,,,,,,,,,,,,,,,1,,,,1,,,,,,,,,,,,,,,,,,1,,1,,,,,,,,,,,,,,,,,,,,,3,3,5,0,11
2012,199120,00297400,University of North Carolina at Chapel Hill,NC,NCAA Division I-A,,1,NCAA,7265,10241,17506,Women's Team,,,,,,,,,,,,,,,,,,1,,1,,,,,,,,,,,,1,,,1,,,,,,,,,,,,1,,,1,,,1,,1,,,,,,,,1,,1,1,,,,1,,,,,,,,1,,1,,,,,,,,,,,,,1,,1,,,,,,,,,,,1,,,,1,,,1,,1,,,,,,,1,,,1,,,,,,,,,,,,,,,,,,,,,1,,,,1,,,,,,,,,,,,,,,,1,,,,1,,,,,,,,,,,,,,,,,,,,,4,3,6,0,13
2013,198419,00292000,Duke University,NC,NCAA Division I-A,,1,NCAA,3230,3265,6495,Women's Team,,,,,,,,,,,,,,,,,,1,,1,,,,,,,,,,,,1,,,1,,,,,,,,,,,,1,,,1,,,1,,1,,,,,,1,,,,1,,,,,,,,,,,,,1,,1,,,,,,,,,,,,,1,,1,,,,,,,,,,,1,,,,1,,,,,,,,,,,,1,,,1,,,,,,,,,,,,,,,,,,,,,1,,,,1,,,,,,,,,,,,,,,,,,1,,1,,,,,,,,,,,,,,,,,,,,,3,3,5,0,11
2013,199120,00297400,University of North Carolina at Chapel Hill,NC,NCAA Division I-A,,1,NCAA,7284,10235,17519,Women's Team,,,,,,,,,,,,,,,,,,1,,1,,,,,,,,,,,,1,,,1,,,,,,,,,,,,1,,,1,,,1,,1,,,,,,,,1,,1,1,,,,1,,,,,,,,1,,1,,,,,,,,,,,,,1,,1,,,,,,,,,,,1,,,,1,,,1,,1,,,,,,,1,,,1,,,,,,,,,,,,,,,,,,,,,1,,,,1,,,,,,,,,,,,,,,,1,,,,1,,,,,,,,,,,,,,,,,,,,,4,3,6,0,13
2014,198419,00292000,Duke University,NC,NCAA Division I-A,,1,NCAA,3257,3214,6471,Women's Team,,,,,,,,,,,,,,,,,,1,,1,,,,,,,,,,,,1,,,1,,,,,,,,,,,,1,,,1,,,1,,1,,,,,,1,,,,1,,,,,,,,,,,,,1,,1,,,,,,,,,,,,,1,,1,,,,,,,,,,,1,,,,1,,,,,,,,,,,,1,,,1,,,,,,,,,,,,,,,,,,,,,1,,,,1,,,,,,,,,,,,,,,,,,1,,1,,,,,,,,,,,,,,,,,,,,,3,3,5,0,11
2014,199120,00297400,University of North Carolina at Chapel Hill,NC,NCAA Division I-A,,1,NCAA,7352,10174,17526,Women's Team,,,,,,,,,,,,,,,,,,1,,1,,,,,,,,,,,,1,,,1,,,,,,,,,,,,1,,,1,,,1,,1,,,,,,,,1,,1,1,,,,1,,,,,,,,1,,1,,,,,,,,,,,,,1,,1,,,,,,,,,,,1,,,,1,,,1,,1,,,,,,,1,,,1,,,,,,,,,,,,,,,,,,,,,1,,,,1,,,,,,,,,,,,,,,,1,,,,1,,,,,,,,,,,,,,,,,,,,,4,3,6,0,13
2015,198419,00292000,Duke University,NC,NCAA Division I-A,,1,NCAA,3319,3166,6485,Women's Team,,,,,,,,,,,,,,,,,,1,,1,,,,,,,,,,,,1,,,1,,,,,,,,,,,,1,,,1,,,1,,1,,,,,,1,,,,1,,,,,,,,,,,,,1,,1,,,,,,,,,,,,,1,,1,,,,,,,,,,,1,,,,1,,,,,,,,,,,,1,,,1,,,,,,,,,,,,,,,,,,,,,1,,,,1,,,,,,,,,,,,,,,,,,1,,1,,,,,,,,,,,,,,,,,,,,,3,3,5,0,11
2015,199120,00297400,University of North Carolina at Chapel Hill,NC,NCAA Division I-A,,1,NCAA,7295,10311,17606,Women's Team,,,,,,,,,,,,,,,,,,1,,1,,,,,,,,,,,,1,,,1,,,,,,,,,,,,1,,,1,,,1,,1,,,,,,,,1,,1,1,,,,1,,,,,,,,1,,1,,,,,,,,,,,,,1,,1,,,,,,,,,,,1,,,,1,,,1,,1,,,,,,,1,,,1,,,,,,,,,,,,,,,,,,,,,1,,,,1,,,,,,,,,,,,,,,,1,,,,1,,,,,,,,,,,,,,,,,,,,,4,3,6,0,13
2016,198419,00292000,Duke University,NC,NCAA Division I-FBS,,1,NCAA,3259,3190,6449,Women's Team,,,,,,,,,,,,,,,,,,1,,1,,,,,,,,,,,,1,,,1,,,,,,,,,,,,1,,,1,,,1,,1,,,,,,1,,,,1,,,,,,,,,,,,,1,,1,,,,,,,,,,,,,1,,1,,,,,,,,,,,1,,,,1,,,,,,,,,,,,1,,,1,,,,,,,,,,,,,,,,,,,,,1,,,,1,,,,,,,,,,,,,,,,,,1,,1,,,,,,,,,,,,,,,,,,,,,3,3,5,0,11
2016,199120,00297400,University of North Carolina at Chapel Hill,NC,NCAA Division I-FBS,,1,NCAA,7361,10467,17828,Women's Team,,,,,,,,,,,,,,,,,,1,,1,,,,,,,,,,,,1,,,1,,,,,,,,,,,,1,,,1,,,1,,1,,,,,,,,1,,1,1,,,,1,,,,,,,,1,,1,,,,,,,,,,,,,1,,1,,,,,,,,,,,1,,,,1,,,1,,1,,,,,,,1,,,1,,,,,,,,,,,,,,,,,,,,,1,,,,1,,,,,,,,,,,,,,,,1,,,,1,,,,,,,,,,,,,,,,,,,,,4,3,6,0,13
2017,198419,00292000,Duke University,NC,NCAA Division I-FBS,,1,NCAA,3261,3275,6536,Women's Team,,,,,,,,,,,,,,,,,,1,,1,,,,,,,,,,,,1,,,1,,,,,,,,,,,,1,,,1,,,1,,1,,,,,,1,,,,1,,,,,,,,,,,,,1,,1,,,,,,,,,,,,,1,,1,,,,,,,,,,,1,,,,1,,,1,,1,,,,,,,1,,,1,,,,,,,,,,,,,,,,,,,,,1,,,,1,,,,,,,,,,,,,,,,,,1,,1,,,,,,,,,,,,,,,,,,,,,3,3,6,0,12
2017,199120,00297400,University of North Carolina at Chapel Hill,NC,NCAA Division I-FBS,,1,NCAA,7464,10811,18275,Women's Team,,,,,,,,,,,,,,,,,,1,,1,,,,,,,,,,,,1,,,1,,,,,,,,,,,,1,,,1,,,1,,1,,,,,,,,1,,1,1,,,,1,,,,,,,,1,,1,,,,,,,,,,,,,1,,1,,,,,,,,,,,1,,,,1,,,1,,1,,,,,,,1,,,1,,,,,,,,,,,,,,,,,,,,,1,,,,1,,,,,,,,,,,,,,,,1,,,,1,,,,,,,,,,,,,,,,,,,,,4,3,6,0,13
2018,198419,00292000,Duke University,NC,NCAA Division I-FBS,,1,NCAA,3278,3300,6578,Women's Team,,,,,,,,,,,,,,,,,,1,,1,,,,,,,,,,,,1,,,1,,,,,,,,,,,,1,,,1,,,1,,1,,,,,,1,,,,1,,,,,,,,,,,,,1,,1,,,,,,,,,,,,,1,,1,,,,,,,,,,,1,,,,1,,,1,,1,,,,,,,1,,,1,,,,,,,,,,,,,,,,,,,,,1,,,,1,,,,,,,,,,,,,,,,,,1,,1,,,,,,,,,,,,,,,,,,,,,3,3,6,0,12
2018,199120,00297400,University of North Carolina at Chapel Hill,NC,NCAA Division I-FBS,,1,NCAA,7462,11049,18511,Women's Team,,,,,,,,,,,,,,,,,,1,,1,,,,,,,,,,,,1,,,1,,,,,,,,,,,,1,,,1,,,1,,1,,,,,,,,1,,1,1,,,,1,,,,,,,,1,,1,,,,,,,,,,,,,1,,1,,,,,,,,,,,1,,,,1,,,1,,1,,,,,,,1,,,1,,,,,,,,,,,,,,,,,,,,,1,,,,1,,,,,,,,,,,,,,,,1,,,,1,,,,,,,,,,,,,,,,,,,,,4,3,6,0,13
2019,198419,00292000,Duke University,NC,NCAA Division I-FBS,,1,NCAA,3232,3294,6526,Women's Team,,,,,,,,,,,,,,,,,,1,,1,,,,,,,,,,,,1,,,1,,,,,,,,,,,,1,,,1,,,1,,1,,,,,,1,,,,1,,,,,,,,,,,,,1,,1,,,,,,,,,,,,,1,,1,,,,,,,,,,,1,,,,1,,,1,,1,,,,,,,1,,,1,,,,,,,,,,,,,,,,,,,,,1,,,,1,,,,,,,,,,,,,,,,,,1,,1,,,,,,,,,,,,,,,,,,,,,3,3,6,0,12
2019,199120,00297400,University of North Carolina at Chapel Hill,NC,NCAA Division I-FBS,,1,NCAA,7425,11091,18516,Women's Team,,,,,,,,,,,,,,,,,,1,,1,,,,,,,,,,,,1,,,1,,,,,,,,,,,,1,,,1,,,1,,1,,,,,,,,1,,1,1,,,,1,,,,,,,,1,,1,,,,,,,,,,,,,1,,1,,,,,,,,,,,1,,,,1,,,1,,1,,,,,,,1,,,1,,,,,,,,,,,,,,,,,,,,,1,,,,1,,,,,,,,,,,,,,,,1,,,,1,,,,,,,,,,,,,,,,,,,,,4,3,6,0,13
2020,198419,00292000,Duke University,NC,NCAA Division I-FBS,,1,NCAA,3237,3305,6542,Women's Team,,,,,,,,,,,,,,,,,,1,,1,,,,,,,,,,,,1,,,1,,,,,,,,,,,,1,,,1,,,1,,1,,,,,,1,,,,1,,,,,,,,,,,,,1,,1,,,,,,,,,,,,,1,,1,,,,,,,,,,,1,,,,1,,,1,,1,,,,,,,1,,,1,,,,,,,,,,,,,,,,,,,,,1,,,,1,,,,,,,,,,,,,,,,,,1,,1,,,,,,,,,,,,,,,,,,,,,3,3,6,0,12
2020,199120,00297400,University of North Carolina at Chapel Hill,NC,NCAA Division I-FBS,,1,NCAA,7365,11129,18494,Women's Team,,,,,,,,,,,,,,,,,,1,,1,,,,,,,,,,,,1,,,1,,,,,,,,,,,,1,,,1,,,1,,1,,,,,,,,1,,1,,,1,,1,,,,,,,,1,,1,,,,,,,,,,,,,1,,1,,,,,,,,,,,1,,,,1,,,1,,1,,,,,,,1,,,1,,,,,,,,,,,,,,,,,,,,,1,,,,1,,,,,,,,,,,,,,,,1,,,,1,,,,,,,,,,,,,,,,,,,,,3,3,7,0,13
2021,198419,00292000,Duke University,NC,NCAA Division I-FBS,,1,NCAA,3283,3506,6789,Women's Team,,,,,,,,,,,,,,,,,,1,,1,,,,,,,,,,,,1,,,1,,,,,,,,,,,,1,,,1,,,1,,1,,,,,,1,,,,1,,,,,,,,,,,,,1,,1,,,,,,,,,,,,,1,,1,,,,,,,,,,,1,,,,1,,,1,,1,,,,,,,1,,,1,,,,,,,,,,,,,,,,,,,,,1,,,,1,,,,,,,,,,,,,,,,,,1,,1,,,,,,,,,,,,,,,,,,,,,3,3,6,0,12
2021,199120,00297400,University of North Carolina at Chapel Hill,NC,NCAA Division I-FBS,,1,NCAA,7452,11464,18916,Women's Team,,,,,,,,,,,,,,,,,,1,,1,,,,,,,,,,,,1,,,1,,,,,,,,,,,,1,,,1,,,1,,1,,,,,,,,1,,1,,,1,,1,,,,,,,,1,,1,,,,,,,,,,,,,1,,1,,,,,,,,,,,1,,,,1,,,1,,1,,,,,,,1,,,1,,,,,,,,,,,,,,,,,,,,,1,,,,1,,,,,,,,,,,,,,,,1,,,,1,,,,,,,,,,,,,,,,,,,,,3,3,7,0,13
